Questions,Description
I applied for a visa invitation a few days/weeks ago and still haven't received it. What should I do in this situation?,Visa invitation
"It's been a few days/weeks since I applied for a visa invitation, but I haven't received it yet. What should I do?",Visa invitation
I submitted a visa invitation application a few days/weeks ago and haven't received it yet. What should I do?,Visa invitation
"A few days/weeks have passed since I applied for a visa invitation, and I haven't gotten it. What steps should I take?",Visa invitation
What should I do if I applied for a visa invitation a few days/weeks ago and haven't received it yet?,Visa invitation
I applied for a visa invitation several days/weeks ago but still haven't gotten it. What should I do now?,Visa invitation
"I haven't received my visa invitation yet, though I applied a few days/weeks ago. What should I do?",Visa invitation
"It's been a few days/weeks since my visa invitation application, and there's no response. What do I do?",Visa invitation
I applied for a visa invitation a few days/weeks back and still no response. What are my options?,Visa invitation
What steps should I take if I haven't received my visa invitation a few days/weeks after applying?,Visa invitation
I put in a visa invitation application a few days/weeks ago and haven't gotten it. What should be my next steps?,Visa invitation
When do lectures begin and finish?,Lectures begin and finish
What are the start and end times for lectures?,Lectures begin and finish
At what times do lectures start and end?,Lectures begin and finish
When do the lectures start and when do they end?,Lectures begin and finish
What time do lectures begin and conclude?,Lectures begin and finish
Could you tell me the beginning and ending times of lectures?,Lectures begin and finish
What are the lecture start and finish times?,Lectures begin and finish
When are the lectures scheduled to start and finish?,Lectures begin and finish
What times do lectures begin and end?,Lectures begin and finish
When do lectures commence and conclude?,Lectures begin and finish
Can you provide the start and end times for lectures?,Lectures begin and finish
Does UrFU provide accommodation for international students?,Accommodation for international students
Is there accommodation for international students at UrFU?,Accommodation for international students
Does UrFU offer housing for international students?,Accommodation for international students
Are international students provided with accommodation at UrFU?,Accommodation for international students
Can international students get accommodation at UrFU?,Accommodation for international students
Does UrFU have housing options for international students?,Accommodation for international students
Are international students able to live on-campus at UrFU?,Accommodation for international students
Does UrFU offer living arrangements for international students?,Accommodation for international students
Is accommodation available for international students at UrFU?,Accommodation for international students
Does UrFU provide housing facilities for international students?,Accommodation for international students
Are there dormitories for international students at UrFU?,Accommodation for international students
How many people are there in a dormitory room?,Amount of people in a dormitory room
How many people typically share a dormitory room?,Amount of people in a dormitory room
What is the usual number of occupants in a dormitory room?,Amount of people in a dormitory room
How many roommates does one have in a dormitory room?,Amount of people in a dormitory room
How many individuals are assigned to each dormitory room?,Amount of people in a dormitory room
What is the occupancy number for a dormitory room?,Amount of people in a dormitory room
How many people live in one dormitory room?,Amount of people in a dormitory room
How many residents are there per dormitory room?,Amount of people in a dormitory room
How many people are housed in each dormitory room?,Amount of people in a dormitory room
What is the standard number of people in a dormitory room?,Amount of people in a dormitory room
How many people are accommodated in a dormitory room?,Amount of people in a dormitory room
What is the Point-Grade System?,Point-Grade System
Can you explain the Point-Grade System?,Point-Grade System
What does the Point-Grade System mean?,Point-Grade System
How does the Point-Grade System work?,Point-Grade System
What is meant by the Point-Grade System?,Point-Grade System
What should I know about the Point-Grade System?,Point-Grade System
What exactly is the Point-Grade System?,Point-Grade System
How would you describe the Point-Grade System?,Point-Grade System
What is the concept of the Point-Grade System?,Point-Grade System
What does the Point-Grade System entail?,Point-Grade System
Can you detail the Point-Grade System?,Point-Grade System
How does the Russian higher education system work?,Russian higher education system
Can you explain how the Russian higher education system operates?,Russian higher education system
How does the higher education system in Russia function?,Russian higher education system
What is the structure of the Russian higher education system?,Russian higher education system
How is the Russian higher education system organized?,Russian higher education system
What should I know about the Russian higher education system?,Russian higher education system
How would you describe the Russian higher education system?,Russian higher education system
What are the key features of the Russian higher education system?,Russian higher education system
How do students navigate the Russian higher education system?,Russian higher education system
What is the process of higher education in Russia?,Russian higher education system
Can you detail the workings of the Russian higher education system?,Russian higher education system
How do I extend my visa?,Visa extension
What steps do I need to take to extend my visa?,Visa extension
How can I apply for a visa extension?,Visa extension
What is the process for extending my visa?,Visa extension
How do I go about extending my visa?,Visa extension
What should I do to extend my visa?,Visa extension
What are the requirements for a visa extension?,Visa extension
How do I renew my visa?,Visa extension
What do I need to do to get my visa extended?,Visa extension
Can you explain the procedure for a visa extension?,Visa extension
What is needed to extend my visa?,Visa extension
